<?xml version="1.0" encoding="UTF-8"?>
<jcr:root xmlns:sling="http://sling.apache.org/jcr/sling/1.0" xmlns:cq="http://www.day.com/jcr/cq/1.0" xmlns:jcr="http://www.jcp.org/jcr/1.0" xmlns:nt="http://www.jcp.org/jcr/nt/1.0"
    jcr:primaryType="cq:Page">
    <jcr:content
        cq:lastModified="{Date}2018-02-15T15:37:57.238+01:00"
        cq:lastModifiedBy="admin"
        cq:template="/conf/we-retail-journal/react/settings/wcm/templates/we-retail-react-page-template"
        jcr:primaryType="cq:PageContent"
        jcr:title="Weather"
        sling:resourceType="we-retail-journal/react/components/structure/page">
        <root
            jcr:primaryType="nt:unstructured"
            sling:resourceType="wcm/foundation/components/responsivegrid">
            <responsivegrid
                jcr:primaryType="nt:unstructured"
                sling:resourceType="wcm/foundation/components/responsivegrid">
                <title_brand
                    jcr:primaryType="nt:unstructured"
                    sling:resourceType="weretail/components/content/image"
                    fileReference="/content/dam/we-retail-journal/brand/journal_branding.png">
                    <cq:responsive jcr:primaryType="nt:unstructured">
                        <default
                            jcr:primaryType="nt:unstructured"
                            offset="1"
                            width="6"/>
                        <iphone
                            jcr:primaryType="nt:unstructured"
                            offset="1"
                            width="10"/>
                    </cq:responsive>
                </title_brand>
                <header_image
                    jcr:primaryType="nt:unstructured"
                    sling:resourceType="weretail/components/content/image"
                    fileReference="/content/dam/we-retail/en/experiences/arctic-surfing-in-lofoten/fjord-waves.jpg"/>
                <article_header
                    jcr:primaryType="nt:unstructured"
                    sling:resourceType="weretail/components/content/text"
                    text="&lt;h3>What's the weather like today?&lt;/h3>"
                    textIsRich="true">
                    <cq:responsive jcr:primaryType="nt:unstructured">
                        <default
                            jcr:primaryType="nt:unstructured"
                            offset="1"
                            width="10"/>
                        <phone
                            jcr:primaryType="nt:unstructured"
                            offset="1"
                            width="10"/>
                    </cq:responsive>
                </article_header>
                <paragraph_1
                    jcr:primaryType="nt:unstructured"
                    sling:resourceType="weretail/components/content/text"
                    text="&lt;p> Le Lorem Ipsum est simplement du faux texte employé dans la composition et la mise en page avant impression. Le Lorem Ipsum est le faux texte standard de l'imprimerie depuis les années 1500, quand un peintre anonyme assembla ensemble des morceaux de texte pour réaliser un livre spécimen de polices de texte. Il n'a pas fait que survivre cinq siècles, mais s'est aussi adapté à la bureautique informatique, sans que son contenu n'en soit modifié. Il a été popularisé dans les années 1960 grâce à la vente de feuilles Letraset contenant des passages du Lorem Ipsum, et, plus récemment, par son inclusion dans des applications de mise en page de texte, comme Aldus PageMaker.&lt;/p>"
                    textIsRich="true">
                    <cq:responsive jcr:primaryType="nt:unstructured">
                        <default
                            jcr:primaryType="nt:unstructured"
                            offset="1"
                            width="10"/>
                        <tablet
                            jcr:primaryType="nt:unstructured"
                            offset="1"
                            width="10"/>
                        <phone
                            jcr:primaryType="nt:unstructured"
                            width="12"/>
                    </cq:responsive>
                </paragraph_1>
                <paragraph_2
                    jcr:primaryType="nt:unstructured"
                    sling:resourceType="wcm/foundation/components/responsivegrid">
                    <responsivegrid_1001
                        jcr:primaryType="nt:unstructured"
                        sling:resourceType="wcm/foundation/components/responsivegrid">
                        <image_898881992
                            jcr:primaryType="nt:unstructured"
                            sling:resourceType="weretail/components/content/image"
                            fileReference="/content/dam/we-retail/en/activities/snowboarding/extreme-championship-girls.jpg">
                            <cq:responsive jcr:primaryType="nt:unstructured">
                                <default
                                    jcr:primaryType="nt:unstructured"
                                    width="4"/>
                                <tablet
                                    jcr:primaryType="nt:unstructured"
                                    width="6"/>
                                <phone
                                    jcr:primaryType="nt:unstructured"
                                    behavior="hide"/>
                            </cq:responsive>
                        </image_898881992>
                        <image_1193665800
                            jcr:primaryType="nt:unstructured"
                            sling:resourceType="weretail/components/content/image"
                            fileReference="/content/dam/we-retail/en/activities/hiking-camping/hiker-himalayas.jpg">
                            <cq:responsive jcr:primaryType="nt:unstructured">
                                <default
                                    jcr:primaryType="nt:unstructured"
                                    width="4"/>
                                <tablet
                                    jcr:primaryType="nt:unstructured"
                                    width="6"/>
                                <phone
                                    jcr:primaryType="nt:unstructured"
                                    width="12"/>
                            </cq:responsive>
                        </image_1193665800>
                        <image_23456
                            jcr:primaryType="nt:unstructured"
                            sling:resourceType="weretail/components/content/image"
                            fileReference="/content/dam/we-retail/en/activities/biking/mountain-biking.jpg">
                            <cq:responsive jcr:primaryType="nt:unstructured">
                                <default
                                    jcr:primaryType="nt:unstructured"
                                    width="4"/>
                                <tablet
                                    jcr:primaryType="nt:unstructured"
                                    width="12"/>
                                <phone
                                    jcr:primaryType="nt:unstructured"
                                    width="12"/>
                            </cq:responsive>
                        </image_23456>
                    </responsivegrid_1001>
                    <cq:responsive jcr:primaryType="nt:unstructured">
                        <default
                            jcr:primaryType="nt:unstructured"
                            offset="1"
                            width="10"/>
                    </cq:responsive>
                </paragraph_2>
                <paragraph_3
                    jcr:primaryType="nt:unstructured"
                    sling:resourceType="weretail/components/content/text"
                    text="&lt;p>On sait depuis longtemps que travailler avec du texte lisible et contenant du sens est source de distractions, et empêche de se concentrer sur la mise en page elle-même. L'avantage du Lorem Ipsum sur un texte générique comme 'Du texte. Du texte. Du texte.' est qu'il possède une distribution de lettres plus ou moins normale, et en tout cas comparable avec celle du français standard. De nombreuses suites logicielles de mise en page ou éditeurs de sites Web ont fait du Lorem Ipsum leur faux texte par défaut, et une recherche pour 'Lorem Ipsum' vous conduira vers de nombreux sites qui n'en sont encore qu'à leur phase de construction. Plusieurs versions sont apparues avec le temps, parfois par accident, souvent intentionnellement (histoire d'y rajouter de petits clins d'oeil, voire des phrases embarassantes).&lt;/p>"
                    textIsRich="true">
                    <cq:responsive jcr:primaryType="nt:unstructured">
                        <default
                            jcr:primaryType="nt:unstructured"
                            offset="1"
                            width="10"/>
                        <tablet
                            jcr:primaryType="nt:unstructured"
                            offset="1"
                            width="10"/>
                        <phone
                            jcr:primaryType="nt:unstructured"
                            width="12"/>
                    </cq:responsive>
                </paragraph_3>
                <footer_terms
                    jcr:primaryType="nt:unstructured"
                    sling:resourceType="weretail/components/content/text"
                    text="&lt;span>2018 All rights reserved&lt;/span>&lt;span>Terms of use &amp; privacy policy&lt;/span>"
                    textIsRich="true">
                    <cq:responsive jcr:primaryType="nt:unstructured">
                        <default
                            jcr:primaryType="nt:unstructured"
                            offset="1"
                            width="10"/>
                    </cq:responsive>
                </footer_terms>
            </responsivegrid>
        </root>
    </jcr:content>
</jcr:root>
